{
  "frequency": {
    "name": "Frequency (most common)",
    "exact_match": 0.076,
    "edit_distance": 0.47987619047619046,
    "per_position_accuracy": {
      "0": 1.0,
      "1": 0.342,
      "2": 0.3333333333333333,
      "3": 0.3567251461988304,
      "4": 0.32044198895027626,
      "5": 0.2903225806451613,
      "6": 0.45098039215686275
    },
    "num_sequences": 500
  },
  "skillmd": {
    "name": "SKILL.md (fixed table)",
    "exact_match": 0.012,
    "edit_distance": 0.6334095238095238,
    "per_position_accuracy": {
      "0": 1.0,
      "1": 0.164,
      "2": 0.09070294784580499,
      "3": 0.0847953216374269,
      "4": 0.09392265193370165,
      "5": 0.15053763440860216,
      "6": 0.2549019607843137
    },
    "num_sequences": 500
  },
  "awm": {
    "name": "AWM (learned transitions)",
    "exact_match": 0.07,
    "edit_distance": 0.4790714285714286,
    "per_position_accuracy": {
      "0": 1.0,
      "1": 0.35,
      "2": 0.26744186046511625,
      "3": 0.3283582089552239,
      "4": 0.41025641025641024,
      "5": 0.23809523809523808,
      "6": 0.4117647058823529
    },
    "num_sequences": 100
  },
  "awm_full": {
    "name": "AWM (full data, oracle)",
    "exact_match": 0.076,
    "edit_distance": 0.47987619047619046,
    "per_position_accuracy": {
      "0": 1.0,
      "1": 0.342,
      "2": 0.3333333333333333,
      "3": 0.3567251461988304,
      "4": 0.32044198895027626,
      "5": 0.2903225806451613,
      "6": 0.45098039215686275
    },
    "num_sequences": 500
  }
}