{
  "model": "deepseek-ai/DeepSeek-R1-Distill-Qwen-32B",
  "adapter": null,
  "dataset": "iw",
  "overall_accuracy": 0.1425,
  "normalized_edit_distance": 0.8128152958152957,
  "exact_sequence_match": 0.0,
  "per_position_accuracy": {
    "0": 0.28,
    "1": 0.14,
    "2": 0.16,
    "3": 0.14,
    "4": 0.08,
    "5": 0.0625,
    "6": 0.18604651162790697,
    "7": 0.06451612903225806,
    "8": 0.11764705882352941,
    "9": 0.1111111111111111,
    "10": 0.5
  },
  "total_samples": 400,
  "correct": 57,
  "num_conversations": 50
}