{
  "model": "google/gemma-4-31B-it",
  "adapter": null,
  "dataset": "wa",
  "overall_accuracy": 0.37695078031212487,
  "normalized_edit_distance": 0.641803571428572,
  "exact_sequence_match": 0.0,
  "per_position_accuracy": {
    "0": 0.295,
    "1": 0.56,
    "2": 0.275,
    "3": 0.4845360824742268,
    "4": 0.33783783783783783,
    "5": 0.3333333333333333,
    "6": 0.16666666666666666,
    "7": 0.0
  },
  "total_samples": 833,
  "correct": 314,
  "num_conversations": 200
}