{
  "data_source": "webarena (go-browse-wa)",
  "num_trajectories": 1000,
  "num_segments": 3140,
  "phase1": {
    "theta": 0.603218674659729,
    "f1": 0.8507589126559715
  },
  "phase2_wasserstein": {
    "best_k": 12,
    "nmi": 0.05508468295227259
  },
  "phase2_infonce": {
    "nmi": 0.04924547559682154,
    "silhouette": -0.255053848028183,
    "purity": 0.4767515923566879
  },
  "phase3_transformer": {
    "exact_match": 0.339,
    "edit_distance": 0.3594984126984127,
    "per_position": {
      "0": 1.0,
      "1": 0.425,
      "2": 0.435361216730038,
      "3": 0.34705882352941175,
      "4": 0.41081081081081083,
      "5": 0.373134328358209,
      "6": 0.5714285714285714,
      "7": 0.3333333333333333,
      "8": 1.0
    }
  }
}