{
  "frequency": {
    "name": "Frequency (most common)",
    "exact_match": 0.367,
    "edit_distance": 0.368215873015873,
    "per_position_accuracy": {
      "0": 1.0,
      "1": 0.425,
      "2": 0.435361216730038,
      "3": 0.34705882352941175,
      "4": 0.21621621621621623,
      "5": 0.23880597014925373,
      "6": 0.2857142857142857,
      "7": 0.3333333333333333,
      "8": 0.0
    },
    "num_sequences": 1000
  },
  "skillmd": {
    "name": "SKILL.md (fixed table)",
    "exact_match": 0.012,
    "edit_distance": 0.5866579365079365,
    "per_position_accuracy": {
      "0": 1.0,
      "1": 0.048,
      "2": 0.09125475285171103,
      "3": 0.020588235294117647,
      "4": 0.1783783783783784,
      "5": 0.3582089552238806,
      "6": 0.0,
      "7": 0.0,
      "8": 0.0
    },
    "num_sequences": 1000
  },
  "awm": {
    "name": "AWM (learned transitions)",
    "exact_match": 0.7,
    "edit_distance": 0.15833333333333333,
    "per_position_accuracy": {
      "0": 1.0,
      "1": 0.77,
      "2": 0.7142857142857143,
      "3": 0.6428571428571429,
      "4": 0.4594594594594595,
      "5": 0.7142857142857143,
      "6": 1.0,
      "7": 1.0,
      "8": 1.0
    },
    "num_sequences": 200
  },
  "awm_full": {
    "name": "AWM (full data, oracle)",
    "exact_match": 0.677,
    "edit_distance": 0.1600047619047619,
    "per_position_accuracy": {
      "0": 1.0,
      "1": 0.756,
      "2": 0.7566539923954373,
      "3": 0.6735294117647059,
      "4": 0.5513513513513514,
      "5": 0.582089552238806,
      "6": 0.8571428571428571,
      "7": 1.0,
      "8": 1.0
    },
    "num_sequences": 1000
  }
}