{
  "model": "Qwen/Qwen3-8B",
  "adapter": "results/qwen3_lora/final_adapter",
  "dataset": "bc",
  "overall_accuracy": 0.44758432087511396,
  "normalized_edit_distance": 0.5091702741702743,
  "exact_sequence_match": 0.0,
  "per_position_accuracy": {
    "0": 0.0,
    "1": 0.915,
    "2": 0.195,
    "3": 0.61,
    "4": 0.555,
    "5": 0.38,
    "6": 0.79,
    "7": 0.24120603015075376,
    "8": 0.8391959798994975,
    "9": 0.3282828282828283,
    "10": 0.06565656565656566
  },
  "total_samples": 2194,
  "correct": 982,
  "num_conversations": 200
}