{
  "model": "Qwen/Qwen3-8B",
  "adapter": "results/qwen3_lora/final_adapter",
  "dataset": "iw",
  "overall_accuracy": 0.85,
  "normalized_edit_distance": 0.14846248196248196,
  "exact_sequence_match": 0.32,
  "per_position_accuracy": {
    "0": 0.9,
    "1": 0.86,
    "2": 0.86,
    "3": 0.8,
    "4": 0.82,
    "5": 0.8333333333333334,
    "6": 0.8604651162790697,
    "7": 0.9032258064516129,
    "8": 0.7647058823529411,
    "9": 0.8888888888888888,
    "10": 1.0
  },
  "total_samples": 400,
  "correct": 340,
  "num_conversations": 50
}